{
    "providers": [
        {
            "type": "bitmap",
            "file": "minecraft:font/title.png",
            "height": 64,
            "ascent": 40,
            "chars": [
                "\uE000"
            ]
        }
		,
		        {
            "type": "bitmap",
            "file": "minecraft:font/black.png",
            "height": 256,
            "ascent": 128,
            "chars": [
                "\uE001"
            ]
        }
		,
		        {
            "type": "bitmap",
            "file": "minecraft:font/title2.png",
            "height": 256,
            "ascent": 128,
            "chars": [
                "\uE002"
            ]
        }
		,
		  {
            "type": "bitmap",
            "file": "minecraft:font/title3.png",
            "height": 256,
            "ascent": 128,
            "chars": [
                "\uE003"
            ]
        }
		,
				  {
            "type": "bitmap",
            "file": "minecraft:font/coin.png",
            "height": 8,
            "ascent": 8,
            "chars": [
                "🪙"
            ]
        }
		,
				  {
            "type": "bitmap",
            "file": "minecraft:font/star.png",
            "height": 8,
            "ascent": 8,
            "chars": [
                "✮"
            ]
        }
    ]
}