{
		
	"ward": {
	"sounds": ["mcp:music/ward"]
	},
	
		"minigame_cutscene": {
	"sounds": ["mcp:music/minigame_cutscene"]
	},
	
		"duel_cutscene": {
	"sounds": ["mcp:music/duel_cutscene"]
	},
	
	"chance_time": {
		"sounds": ["mcp:voice/chance_time"]
	},
		
	"start": {
		"sounds": ["mcp:voice/start"]
	},
	
	"finish": {
		"sounds": ["mcp:voice/finish"]
	},
	
	"ready": {
		"sounds": ["mcp:voice/ready"]
	},
	
	"miss": {
		"sounds":["mcp:voice/miss"]
	},
	
	"time_up": {
		"sounds": ["mcp:voice/time_up"]
	},
	
	"chance_time_music": {
		"sounds": ["mcp:music/chance_time_music"]
	},
	
	"roll_off": {
		"sounds": ["mcp:music/roll_off"]
	},
	
	"duel_initiation": {
		"sounds": ["mcp:music/duel_initiation"]
	},
	
	"in_the_pipe": {
		"sounds": ["mcp:music/in_the_pipe"]
	},
	
	"minigame_wait": {
		"sounds": ["mcp:music/minigame_wait"]
	},
	
	"quickplay_room": {
		"sounds": ["mcp:music/quickplay_room"]
	},
	
	"free_for_all_minigame": {
		"sounds": ["mcp:music/free_for_all_minigame"]
	},
	
	"free_for_all_end_game": {
		"sounds": ["mcp:music/free_for_all_end_game"]
	},
	
	"free_for_all_racing_minigame": {
		"sounds": ["mcp:music/free_for_all_racing_minigame"]
	},
	
	"free_for_all_racing_end_game": {
		"sounds": ["mcp:music/free_for_all_racing_end_game"]
	},
	
	"2v2_minigame": {
		"sounds": ["mcp:music/2v2_minigame"]
	},
	
	"2v2_end_game": {
		"sounds": ["mcp:music/2v2_end_game"]
	},
	
	"1v3_minigame": {
		"sounds": ["mcp:music/1v3_minigame"]
	},
	
	"1v3_end_game": {
		"sounds": ["mcp:music/1v3_end_game"]
	},
	
	"duel_minigame": {
		"sounds": ["mcp:music/duel_minigame"]
	},
	
	"micro_duel_minigame": {
		"sounds": ["mcp:music/micro_duel_minigame"]
	},
	
	"battle_minigame": {
		"sounds": ["mcp:music/battle_minigame"]
	},
	
	"coin_minigame": {
		"sounds": ["mcp:music/coin_minigame"]
	},
	
	"victory_room": {
		"sounds": ["mcp:music/victory_room"]
	},
	
	"harp": {
		"sounds": ["mcp:music/harp"]
	},

	"center_park": {
		"sounds": ["mcp:music/center_park"]
	},
	
	"center_park_end_game": {
		"sounds": ["mcp:music/center_park_end_game"]
	},
	
	"floating_islands": {
		"sounds": ["mcp:music/floating_islands"]
	},
	
	"floating_islands_end_game": {
		"sounds": ["mcp:music/floating_islands_end_game"]
	},
	
	"port_town": {
		"sounds": ["mcp:music/port_town"]
	},
	
	"port_town_end_game": {
		"sounds": ["mcp:music/port_town_end_game"]
	},
	
	"lost_city": {
		"sounds": ["mcp:music/lost_city"]
	},
	
		"lost_city_night": {
		"sounds": ["mcp:music/lost_city_night"]
	},
	
	"lost_city_end_game": {
		"sounds": ["mcp:music/lost_city_end_game"]
	},
	
		"lost_city_night_end_game": {
		"sounds": ["mcp:music/lost_city_night_end_game"]
	},
	
	"candyland": {
		"sounds": ["mcp:music/candyland"]
	},
	
	"candyland_end_game": {
		"sounds": ["mcp:music/candyland_end_game"]
	},
	
	"pac_maze": {
		"sounds": ["mcp:music/pac_maze"]
	},
	
	"pac_maze_end_game": {
		"sounds": ["mcp:music/pac_maze_end_game"]
	},
	
	"zen_garden": {
		"sounds": ["mcp:music/zen_garden"]
	},
	
	"zen_garden_end_game": {
		"sounds": ["mcp:music/zen_garden_end_game"]
	},
	
	"mooshroom_grotto": {
		"sounds": ["mcp:music/mooshroom_grotto"]
	},
	
	"mooshroom_grotto_end_game": {
		"sounds": ["mcp:music/mooshroom_grotto_end_game"]
	},
	
	"pipe_canyon": {
		"sounds": ["mcp:music/pipe_canyon"]
	},
	
	"pipe_canyon_end_game": {
		"sounds": ["mcp:music/pipe_canyon_end_game"]
	},
	
	"rhythmic_room": {
		"sounds": ["mcp:music/rhythmic_room"]
	},
	
	"rhythmic_room_end_game": {
		"sounds": ["mcp:music/rhythmic_room_end_game"]
	},
	
	"suburbia_scramble": {
		"sounds": ["mcp:music/suburbia_scramble"]
	},
	
	"suburbia_scramble_end_game": {
		"sounds": ["mcp:music/suburbia_scramble_end_game"]
	},
	
	"lofty_luncheon": {
		"sounds": ["mcp:music/lofty_luncheon"]
	},
	
	"lofty_luncheon_night": {
		"sounds": ["mcp:music/lofty_luncheon_night"]
	},
	
	"arcane_atoll": {
		"sounds": ["mcp:music/arcane_atoll"]
	},
	
	"arcane_atoll_night": {
		"sounds": ["mcp:music/arcane_atoll_night"]
	},
	
	"present_palace": {
	"sounds": ["mcp:music/present_palace"]
	},
	
	"present_palace_end_game": {
		"sounds": ["mcp:music/present_palace_end_game"]
	},
	
	"present_pickup": {
		"sounds": ["mcp:music/present_pickup"]
	},
	
	"dusty_dunes": {
	"sounds": ["mcp:music/dusty_dunes"]
	},
	
	"dusty_dunes_night": {
		"sounds": ["mcp:music/dusty_dunes_night"]
	},
	
	"dusty_dunes_day_end_game": {
	"sounds": ["mcp:music/dusty_dunes_day_end_game"]
	},
	
	"dusty_dunes_night_end_game": {
	"sounds": ["mcp:music/dusty_dunes_night_end_game"]
	}
}